stim_id,stim_type,restr_men,restr_max,spill_region,restr_men_type,restr_max_type,has_comp,comp_q,comp_left,comp_right,comp_correct,Context,CHUNK1,CHUNK2,CHUNK3,CHUNK4,RestrictorPosition,RestrictorType,Condition
1,exp,in Spain,in the brochure,so I booked straightaway.,country,brochure,1,What did I want to visit?,sandy beaches,beautiful beaches,j,I was flicking through a holiday brochure to find beautiful beaches to visit in Spain and other countries.,Every,beach,looked beautiful,"in Spain,",EXT,MEN,EXT-MEN
2,exp,in London,on the website,so I booked straightaway.,city,website,1,Where did I want to stay?,quirky hotels,fancy hotels,f,I was on a website trying to find quirky hostels to stay at in London and other cities.,Every,hostel,on the website,"seemed quirky,",INT,MAX,INT-MAX
3,exp,in Italy,in the vlog,so I booked straightaway.,country,vlog,NQ,NQ,NQ,NQ,NQ,I was watching a vlog for inspiration for fancy restaurants to try out in Italy and other countries.,Every,restaurant,in Italy,"looked fancy,",INT,MEN,INT-MEN
4,exp,in Newcastle,on the app,so I booked straightaway.,city,app,1,What did I want to enjoy?,ancient parks,nice parks,j,I was on a travel app researching nice parks to enjoy in Newcastle and other cities.,Every,park,seemed nice,"on the app,",EXT,MAX,EXT-MAX
5,exp,in Scotland,in the blog,so I booked straightaway.,country,blog,NQ,NQ,NQ,NQ,j,I was reading a blog to get some ideas for exciting markets to explore in Scotland and other countries.,Every,market,looked exciting,"in Scotland,",EXT,MEN,EXT-MEN
6,exp,in Edinburgh,in the brochure,so I booked straightaway.,city,brochure,1,What did I want to visit?,interesting monuments,tall monuments,f,I was flicking through a holiday brochure to find interesting monuments to visit in Edinburgh and other cities.,Every,monument,in the brochure,"seemed interesting,",INT,MAX,INT-MAX
7,exp,in Portugal,on the website,so there was plenty of choice.,country,website,NQ,NQ,NQ,NQ,NQ,I was on a website trying to find cool museums to visit in Portugal and other countries.,Every,museum,in Portugal,"looked cool,",INT,MEN,INT-MEN
8,exp,in Rome,in the vlog,so there was plenty of choice.,city,vlog,NQ,NQ,NQ,NQ,NQ,I was watching a vlog for inspiration for luxurious hotels to try out in Rome and other cities.,Every,hotel,seemed luxurious,"in the vlog,",EXT,MAX,EXT-MAX
9,exp,in Japan,on the app,so there was plenty of choice.,country,app,NQ,NQ,NQ,NQ,NQ,I was on a travel app researching breathtaking views to enjoy in Japan and other countries.,Every,view,looked breathtaking,"in Japan,",EXT,MEN,EXT-MEN
10,exp,in Gloucester,in the blog,so there was plenty of choice.,city,blog,NQ,NQ,NQ,NQ,NQ,I was reading a blog to get some ideas for lovely canals to explore in Gloucester and other cities.,Every,canal,in the blog,"seemed lovely,",INT,MAX,INT-MAX
11,exp,in Slovenia,in the brochure,so there was plenty of choice.,country,brochure,1,What did I want to visit?,traditional villages,quaint villages,j,I was flicking through a holiday brochure to find quaint vilages to visit in Slovenia and other countries.,Every,village,in Slovenia,"looked quaint,",INT,MEN,INT-MEN
12,exp,in Cardiff,on the website,so there was plenty of choice.,city,website,NQ,NQ,NQ,NQ,NQ,I was on a website trying to find cheap B&Bs to stay at in Cardiff and other cities.,Every,B&B,seemed cheap,"on the website,",EXT,MAX,EXT-MAX
13,exp,in Germany,in the vlog,so I had some deciding to do.,country,vlog,NQ,NQ,NQ,NQ,NQ,I was watching a vlog for inspiration for picturesque campsites to try out in Germany and other countries.,Every,campsite,looked picturesque,"in Germany,",EXT,MEN,EXT-MEN
14,exp,in Budapest,on the app,so I had some deciding to do.,city,app,1,What did I want to enjoy?,relaxing tours,exciting tours,f,I was on a travel app researching relaxing tours to enjoy in Budapest and other cities.,Every,tour,on the app,"seemed relaxing,",INT,MAX,INT-MAX
15,exp,in Peru,in the blog,so I had some deciding to do.,country,blog,NQ,NQ,NQ,NQ,NQ,I was reading a blog to get some ideas for pretty towns to explore in Peru and other countries.,Every,town,in Peru,"looked pretty,",INT,MEN,INT-MEN
16,exp,in Venice,in the brochure,so I had some deciding to do.,city,brochure,1,What did I want to visit?,low-key galleries,high-end galleries,j,I was flicking through a holiday brochure to find high-end galleries to visit in Venice and other cities.,Every,gallery,seemed high-end,"in the brochure,",EXT,MAX,EXT-MAX
17,exp,in France,on the website,so I had some deciding to do.,country,website,NQ,NQ,NQ,NQ,NQ,I was on a website trying to find old-fashioned guesthouses to stay at in France and other countries.,Every,guesthouse,looked old-fashioned,"in France,",EXT,MEN,EXT-MEN
18,exp,in Glasgow,in the vlog,so I had some deciding to do.,city,vlog,NQ,NQ,NQ,NQ,NQ,I was watching a vlog for inspiration for cute cafés to try out in Glasgow and other cities.,Every,café,in the vlog,"seemed cute,",INT,MAX,INT-MAX
19,exp,in China,on the app,so I knew just where to go.,country,app,NQ,NQ,NQ,NQ,NQ,I was on a travel app researching scenic hikes to enjoy in China and other countries.,Every,hike,in China,"looked scenic,",INT,MEN,INT-MEN
20,exp,in Belfast,in the blog,so I knew just where to go.,city,blog,1,What did I want to explore?,ornate churches,simple churches,f,I was reading a blog to get some ideas for ornate churches to explore in Belfast and other cities.,Every,church,seemed ornate,"in the blog,",EXT,MAX,EXT-MAX
21,exp,in Switzerland,in the brochure,so I knew just where to go.,country,brochure,NQ,NQ,NQ,NQ,NQ,I was flicking through a holiday brochure to find unique buildings to visit in Switzerland and other countries.,Every,building,looked unique,"in Switzerland,",EXT,MEN,EXT-MEN
22,exp,in Durham,on the website,so I knew just where to go.,city,website,1,Where did I want to stay?,thatched cottages,charming cottages,j,I was on a website trying to find charming cottages to stay at in Durham and other cities.,Every,cottage,on the website,"seemed charming,",INT,MAX,INT-MAX
23,exp,in Finland,in the vlog,so I knew just where to go.,country,vlog,NQ,NQ,NQ,NQ,NQ,I was watching a vlog for inspiration for idyllic cruises to try out in Finland and other countries.,Every,cruise,in Finland,"looked idyllic,",INT,MEN,INT-MEN
24,exp,in Amsterdam,on the app,so I knew just where to go.,city,app,NQ,NQ,NQ,NQ,NQ,I was on a travel app researching romantic getaways to enjoy in Amsterdam and other cities.,Every,getaway,seemed romantic,"on the app,",EXT,MAX,EXT-MAX
25,exp,in Norway,in the blog,so I didn't know what to do.,country,blog,NQ,NQ,NQ,NQ,NQ,I was reading a blog to get some ideas for soothing rivers to explore in Norway and other countries.,Every,river,looked soothing,"in Norway,",EXT,MEN,EXT-MEN
26,exp,in Prague,in the brochure,so I didn't know what to do.,city,brochure,NQ,NQ,NQ,NQ,NQ,I was flicking through a holiday brochure to find lively bars to visit in Prague and other cities.,Every,bar,in the brochure,"seemed lively,",INT,MAX,INT-MAX
27,exp,in Poland,on the website,so I didn't know what to do.,country,website,1,Where did I want to stay?,peaceful cabins,sizeable cabins,f,I was on a website trying to find peaceful cabins to stay at in Poland and other countries.,Every,cabin,in Poland,"looked peaceful,",INT,MEN,INT-MEN
28,exp,in Warsaw,in the vlog,so I didn't know what to do.,city,vlog,1,What did I want to try out?,cheap eateries,funky eateries,j,I was watching a vlog for inspiration for funky eateries to try out in Warsaw and other cities.,Every,eatery,seemed funky,"in the vlog,",EXT,MAX,EXT-MAX
29,exp,in Hungary,on the app,so I didn't know what to do.,country,app,NQ,NQ,NQ,NQ,NQ,I was on a travel app researching trendy shops to enjoy in Hungary and other countries.,Every,shop,looked trendy,"in Hungary,",EXT,MEN,EXT-MEN
30,exp,in Florence,in the blog,so I didn't know what to do.,city,blog,NQ,NQ,NQ,NQ,NQ,I was reading a blog to get some ideas for busy squares to explore in Florence and other cities.,Every,square,in the blog,"seemed busy,",INT,MAX,INT-MAX
31,exp,in Argentina,in the brochure,so I booked straightaway.,country,brochure,NQ,NQ,NQ,NQ,NQ,I was flicking through a holiday brochure to find amazing bridges to visit in Argentina and other countries.,Every,bridge,in Argentina,"looked amazing,",INT,MEN,INT-MEN
32,exp,in Madrid,on the website,so I booked straightaway.,city,website,1,Where did I want to stay?,wonderful apartments,large apartments,f,I was on a website trying to find wonderful apartments to stay at in Madrid and other cities.,Every,apartment,seemed wonderful,"on the website,",EXT,MAX,EXT-MAX
33,exp,in Thailand,in the vlog,so I booked straightaway.,country,vlog,NQ,NQ,NQ,NQ,NQ,I was watching a vlog for inspiration for responsible zoos to try out in Thailand and other countries.,Every,zoo,looked responsible,"in Thailand,",EXT,MEN,EXT-MEN
34,exp,in Bucharest,on the app,so I booked straightaway.,city,app,NQ,NQ,NQ,NQ,NQ,I was on a travel app researching unique excursions to enjoy in Bucharest and other cities.,Every,excursion,on the app,"seemed unique,",INT,MAX,INT-MAX
35,exp,in Sweden,in the blog,so I booked straightaway.,country,blog,NQ,NQ,NQ,NQ,NQ,I was reading a blog to get some ideas for opulent palaces to explore in Sweden and other countries.,Every,palace,in Sweden,"looked opulent,",INT,MEN,INT-MEN
36,exp,in Los Angeles,in the brochure,so I booked straightaway.,city,brochure,NQ,NQ,NQ,NQ,NQ,I was flicking through a holiday brochure to find awesome places to visit in Los Angeles and other cities.,Every,place,seemed awesome,"in the brochure,",EXT,MAX,EXT-MAX
37,exp,in Egypt,on the website,so there was plenty of choice.,country,website,NQ,NQ,NQ,NQ,NQ,I was on a website trying to find stunning villas to stay at in Egypt and other countries.,Every,villa,looked stunning,"in Egypt,",EXT,MEN,EXT-MEN
38,exp,in Perth,in the vlog,so there was plenty of choice.,city,vlog,1,What did I want to try out?,tiny pubs,cosy pubs,j,I was watching a vlog for inspiration for cosy pubs to try out in Perth and other cities.,Every,pub,in the vlog,"seemed cosy,",INT,MAX,INT-MAX
39,exp,in Australia,on the app,so there was plenty of choice.,country,app,NQ,NQ,NQ,NQ,NQ,I was on a travel app researching pristine lakes to enjoy in Australia and other countries.,Every,lake,in Australia,"looked pristine,",INT,MEN,INT-MEN
40,exp,in Zagreb,in the blog,so there was plenty of choice.,city,blog,NQ,NQ,NQ,NQ,NQ,I was reading a blog to get some ideas for colourful gardens to explore in Zagreb and other cities.,Every,garden,seemed colourful,"in the blog,",EXT,MAX,EXT-MAX
41,exp,in Slovakia,in the brochure,so there was plenty of choice.,country,brochure,1,What did I want to visit?,gorgeous waterfalls,noisy waterfalls,f,I was flicking through a holiday brochure to find gorgeous waterfalls to visit in Slovakia and other countries.,Every,waterfall,looked gorgeous,"in Slovakia,",EXT,MEN,EXT-MEN
42,exp,in Krakow,on the website,so there was plenty of choice.,city,website,NQ,NQ,NQ,NQ,NQ,I was on a website trying to find spacious barges to stay at in Krakow and other cities.,Every,barge,on the website,"seemed spacious,",INT,MAX,INT-MAX
43,exp,in Venezuela,in the vlog,so I had some deciding to do.,country,vlog,NQ,NQ,NQ,NQ,NQ,I was watching a vlog for inspiration for tasty delicacies to try out in Venezuela and other countries.,Every,delicacy,in Venezuela,"looked tasty,",INT,MEN,INT-MEN
44,exp,in Cairo,on the app,so I had some deciding to do.,city,app,NQ,NQ,NQ,NQ,NQ,I was on a travel app researching picture-perfect sights to enjoy in Cairo and other cities.,Every,sight,seemed picture-perfect,"on the app,",EXT,MAX,EXT-MAX
45,exp,in Mexico,in the blog,so I had some deciding to do.,country,blog,NQ,NQ,NQ,NQ,NQ,I was reading a blog to get some ideas for magnificent lighthouses to explore in Mexico and other countries.,Every,lighthouse,looked magnificent,"in Mexico,",EXT,MEN,EXT-MEN
46,exp,in Berlin,in the brochure,so I had some deciding to do.,city,brochure,NQ,NQ,NQ,NQ,NQ,I was flicking through a holiday brochure to find historic theatres to visit in Berlin and other cities.,Every,theatre,in the brochure,"seemed historic,",INT,MAX,INT-MAX
47,exp,in Denmark,on the website,so I had some deciding to do.,country,website,1,Where did I want to stay?,unassuming chalets,pleasant chalets,j,I was on a website trying to find pleasant chalets to stay at in Denmark and other countries.,Every,chalet,in Denmark,"looked pleasant,",INT,MEN,INT-MEN
48,exp,in Istanbul,in the vlog,so I had some deciding to do.,city,vlog,NQ,NQ,NQ,NQ,NQ,I was watching a vlog for inspiration for well-maintained castles to try out in Istanbul and other cities.,Every,castle,seemed well-maintained,"in the vlog,",EXT,MAX,EXT-MAX
49,exp,in Turkey,on the app,so I knew just where to go.,country,app,1,What did I want to enjoy?,impressive fountains,stone fountains,f,I was on a travel app researching impressive fountains to enjoy in Turkey and other countries.,Every,fountain,looked impressive,"in Turkey,",EXT,MEN,EXT-MEN
50,exp,in Sydney,in the blog,so I knew just where to go.,city,blog,NQ,NQ,NQ,NQ,NQ,I was reading a blog to get some ideas for fantastic temples to explore in Sydney and other cities.,Every,temple,in the blog,"seemed fantastic,",INT,MAX,INT-MAX
51,exp,in Canada,in the brochure,so I knew just where to go.,country,brochure,NQ,NQ,NQ,NQ,NQ,I was flicking through a holiday brochure to find exclusive breweries to visit in Canada and other countries.,Every,brewery,in Canada,"looked exclusive,",INT,MEN,INT-MEN
52,exp,in Bangkok,on the website,so I knew just where to go.,city,website,NQ,NQ,NQ,NQ,NQ,I was on a website trying to find inexpensive lodges to stay at in Bangkok and other cities.,Every,lodge,seemed inexpensive,"on the website,",EXT,MAX,EXT-MAX
53,exp,in Belgium,in the vlog,so I knew just where to go.,country,vlog,1,What did I want to try out?,child-friendly rollercoasters,thrilling rollercoasters,j,I was watching a vlog for inspiration for thrilling rollercoasters to try out in Belgium and other countries.,Every,rollercoaster,looked thrilling,"in Belgium,",EXT,MEN,EXT-MEN
54,exp,in Barcelona,on the app,so I knew just where to go.,city,app,NQ,NQ,NQ,NQ,NQ,I was on a travel app researching easy walks to enjoy in Barcelona and other cities.,Every,walk,on the app,"seemed easy,",INT,MAX,INT-MAX
55,exp,in Austria,in the blog,so I didn't know what to do.,country,blog,1,What did I want to explore?,sprawling forests,protected forests,f,I was reading a blog to get some ideas for sprawling forests to explore in Austria and other countries.,Every,forest,in Austria,"looked sprawling,",INT,MEN,INT-MEN
56,exp,in New York,in the brochure,so I didn't know what to do.,city,brochure,NQ,NQ,NQ,NQ,NQ,I was flicking through a holiday brochure to find famous statues to visit in New York and other cities.,Every,statue,seemed famous,"in the brochure,",EXT,MAX,EXT-MAX
57,exp,in Greece,on the website,so I didn't know what to do.,country,website,NQ,NQ,NQ,NQ,NQ,I was on a website trying to find eco-friendly farms to stay at in Greece and other countries.,Every,farm,looked eco-friendly,"in Greece,",EXT,MEN,EXT-MEN
58,exp,in Leeds,in the vlog,so I didn't know what to do.,city,vlog,NQ,NQ,NQ,NQ,NQ,I was watching a vlog for inspiration for popular bistros to try out in Leeds and other cities.,Every,bistro,in the vlog,"seemed popular,",INT,MAX,INT-MAX
59,exp,in Thailand,on the app,so I didn't know what to do.,country,app,1,What did I want to enjoy?,easy treks,challenging treks,j,I was on a travel app researching challenging treks to enjoy in Thailand and other countries.,Every,trek,in Thailand,"looked challenging,",INT,MEN,INT-MEN
60,exp,in Tokyo,in the blog,so I didn't know what to do.,city,blog,1,What did I want to explore?,bustling neighbourhoods,quiet neighbourhoods,f,I was reading a blog to get some ideas for bustling neighbourhoods to explore in Tokyo and other cities.,Every,neighbourhood,seemed bustling,"in the blog,",EXT,MAX,EXT-MAX
61,fill,in New York,in the US,so I'm glad I went.,country,city,NQ,NQ,NQ,NQ,NQ,"I'm just back from a well-earned break in the US. I'm really pleased! Allegedly,",I climbed,the tallest,building,"in New York,",FILL,FILL,FILL
62,fill,in Bordeaux,in France,so it was a lovely time.,country,city,NQ,NQ,NQ,NQ,NQ,"I've just returned from a week-long trip in France. I was really shocked. Apparently,",I experienced,the hottest,day on record,"in Bordeaux,",FILL,FILL,FILL
63,fill,in Rome,in Italy,so I made some nice memories.,country,city,NQ,NQ,NQ,NQ,NQ,"I got home yesterday from a lovely two-week stay in Italy. You won't believe it! According to locals,",I ate,the most expensive,pizza,"in Rome,",FILL,FILL,FILL
64,fill,in Berlin,in Germany,so I really enjoyed it.,country,city,1,What country did I go to?,Germany,Albania,f,"I'm just back from a great holiday in Germany. I'm really pleased! According to my friends,",I stayed at,the most luxurious,hotel,"in Berlin,",FILL,FILL,FILL
65,fill,in York,in England,so it was a lovely time.,country,city,NQ,NQ,NQ,NQ,NQ,"I've just returned from a short vacation in England. I was really shocked. Allegedly,",I'd booked in at,the oldest,B&B,"in York,",FILL,FILL,FILL
66,fill,in Brussels,in Belgium,so I made some nice memories.,country,city,NQ,NQ,NQ,NQ,NQ,"I got home yesterday from a well-earned break in Belgium. You won't believe it! Apparently,",I got to see,the greenest,park,"in Brussels,",FILL,FILL,FILL
67,fill,in Vienna,in Austria,so I really enjoyed it.,country,city,1,What country did I go to?,Ghana,Austria,j,"I'm just back from a week-long trip in Austria. I'm really pleased! According to locals,",I saw,the best views,views,"in Vienna,",FILL,FILL,FILL
68,fill,in Rotterdam,in The Netherlands,so I'm glad I went.,country,city,NQ,NQ,NQ,NQ,NQ,"I've just returned from a lovely two-week stay in The Netherlands. I was really shocked. According to my friends,",I rode,the fastest,train,"in Rotterdam,",FILL,FILL,FILL
69,fill,in Aberdeen,in Scotland,so I made some nice memories.,country,city,NQ,NQ,NQ,NQ,NQ,"I got home yesterday from a great holiday in Scotland. You won't believe it! Allegedly,",I was able to take photos of,the rarest,bird,"in Aberdeen,",FILL,FILL,FILL
70,fill,in Helsinki,in Finland,so I really enjoyed it.,country,city,NQ,NQ,NQ,NQ,NQ,"I'm just back from a short vacation in Finland. I'm really pleased! Apparently,",I ate at,the poshest,restaurant,"in Helsinki,",FILL,FILL,FILL
71,fill,in Shanghai,in China,so it was a lovely time.,country,city,1,What country did I go to?,China,Malta,f,"I've just returned from a well-earned break in China. I was really shocked. According to locals,",I was staying in,the most modern,appartment block,"in Shanghai,",FILL,FILL,FILL
72,fill,in Vancouver,in Canada,so I made some nice memories.,country,city,1,What country did I go to?,Pakistan,Canada,j,"I got home yesterday from a week-long trip in Canada. You won't believe it! According to my friends,",I tried,the spiciest,noodles you can find,"in Vancouver,",FILL,FILL,FILL
73,fill,in Moscow,in Russia,so I really enjoyed it.,country,city,NQ,NQ,NQ,NQ,NQ,"I'm just back from a lovely two-week stay in Russia. I'm really pleased! Allegedly,",I got to experience,the heaviest,snow to ever fall,"in Moscow,",FILL,FILL,FILL
74,fill,in Melbourne,in Australia,so it was a lovely time.,country,city,NQ,NQ,NQ,NQ,NQ,"I've just returned from a great holiday in Australia. I was really shocked. Apparently,",I tasted,the most unique,beer,"in Melbourne,",FILL,FILL,FILL
75,fill,in Stockholm,in Sweden,so I made some nice memories.,country,city,NQ,NQ,NQ,NQ,NQ,"I got home yesterday from a short vacation in Sweden. You won't believe it! According to locals,",I rented,the priciest,car available,"in Stockholm,",FILL,FILL,FILL
76,fill,in São Paulo,in Brazil,so I really enjoyed it.,country,city,1,What country did I go to?,Brazil,New York,f,"I'm just back from a well-earned break in Brazil. I'm really pleased! According to my friends,",I visited,the smallest,coffee shop,"in São Paulo,",FILL,FILL,FILL
77,fill,in Mumbai,in India,so I'm glad I went.,country,city,NQ,NQ,NQ,NQ,NQ,"I've just returned from a week-long trip in India. I was really shocked. Allegedly,",I sunbathed,the longest,beach,"in Mumbai,",FILL,FILL,FILL
78,fill,in Bern,in Switzerland,so it was a lovely time.,country,city,NQ,NQ,NQ,NQ,NQ,"I got home yesterday from a lovely two-week stay in Switzerland. You won't believe it! Apparently,",I drank from,the most well-known,fountain,"in Bern,",FILL,FILL,FILL
79,fill,in Athens,in Greece,so I made some nice memories.,country,city,1,What country did I go to?,Australia,Greece,j,"I'm just back from a great holiday in Greece. I'm really pleased! According to locals,",I tried,the best,ice-cream,"in Athens,",FILL,FILL,FILL
80,fill,in Bogotá,in Colombia,so I really enjoyed it.,country,city,NQ,NQ,NQ,NQ,NQ,"I've just returned from a short vacation in Colombia. I was really shocked. According to my friends,",I got to enjoy,the tastiest,curry,"in Bogotá,",FILL,FILL,FILL
81,fill,in Bangkok,in Thailand,so it was a lovely time.,country,city,NQ,NQ,NQ,NQ,NQ,"I got home yesterday from a well-earned break in Thailand. You won't believe it! Allegedly,",I visited,the most ancient,temple,"in Bangkok,",FILL,FILL,FILL
82,fill,in Tokyo,in Japan,so I made some nice memories.,country,city,1,What country did I go to?,Japan,Russia,f,"I'm just back from a week-long trip in Japan. I'm really pleased! Apparently,",I swam in,the largest,swimming pool,"in Tokyo,",FILL,FILL,FILL
83,fill,in Malaga,in Spain,so I really enjoyed it.,country,city,1,What country did I go to?,Thailand,Spain,j,"I've just returned from a lovely two-week stay in Spain. I was really shocked. According to locals,",I rode,the biggest,rollercoaster,"in Malaga,",FILL,FILL,FILL
84,fill,in Marrakesh,in Morrocco,so I'm glad I went.,country,city,NQ,NQ,NQ,NQ,NQ,"I got home yesterday from a great holiday in Morrocco. You won't believe it! According to my friends,",I stayed at,the cleanest,hostel,"in Marrakesh,",FILL,FILL,FILL
85,fill,in Istanbul,in Turkey,so I made some nice memories.,country,city,NQ,NQ,NQ,NQ,NQ,"I'm just back from a short vacation in Turkey. I'm really pleased! Allegedly,",I went up,the newest,skyscraper,"in Istanbul,",FILL,FILL,FILL
86,fill,in Lisbon,in Portugal,so I really enjoyed it.,country,city,1,What country did I go to?,Portugal,Iran,f,"I've just returned from a well-earned break in Portugal. I was really shocked. Apparently,",I walked across,the most famous,bridge,"in Lisbon,",FILL,FILL,FILL
87,fill,in Dublin,in Ireland,so it was a lovely time.,country,city,1,What country did I go to?,Turkmenistan,Ireland,j,"I got home yesterday from a week-long trip in Ireland. You won't believe it! According to locals,",I sailed down,the widest,river,"in Dublin,",FILL,FILL,FILL
88,fill,in Swansea,in Wales,so I made some nice memories.,country,city,NQ,NQ,NQ,NQ,NQ,"I'm just back from a lovely two-week stay in Wales. I'm really pleased! According to my friends,",I got to stay in,the least well-known,area,"in Swansea,",FILL,FILL,FILL
89,fill,in Budapest,in Hungary,so I really enjoyed it.,country,city,NQ,NQ,NQ,NQ,NQ,"I've just returned from a great holiday in Hungary. I was really shocked. Allegedly,",I had,the finest,seafood,"in Budapest,",FILL,FILL,FILL
90,fill,in Johannesburgh,in South Africa,so it was a lovely time.,country,city,NQ,NQ,NQ,NQ,NQ,"I got home yesterday from a short vacation in South Africa. You won't believe it! Apparently,",I ate,the nicest,cheese,"in Johannesburgh,",FILL,FILL,FILL
91,fill,in the US,in Chicago,so I made some nice memories.,city,country,1,What city did I go to?,Chicago,Atlanta,f,"I'm just back from a well-earned break in Chicago. I'm really pleased! According to locals,",I got to try,the most delicious,spaghetti,"in the US,",FILL,FILL,FILL
92,fill,in France,in Nice,so I really enjoyed it.,city,country,NQ,NQ,NQ,NQ,NQ,"I've just returned from a week-long trip in Nice. I was really shocked. According to my friends,",I bathed in,the cleanest,sea,"in France,",FILL,FILL,FILL
93,fill,in Italy,in Milan,so I'm glad I went.,city,country,NQ,NQ,NQ,NQ,NQ,"I got home yesterday from a lovely two-week stay in Milan. You won't believe it! Allegedly,",I took,the highest,helicopter ride,"in Italy,",FILL,FILL,FILL
94,fill,in Germany,in Frankfurt,so it was a lovely time.,city,country,1,What city did I go to?,Munich,Frankfurt,j,"I'm just back from a great holiday in Frankfurt. I'm really pleased! Apparently,",I paraglided over,the most beautiful,spot,"in Germany,",FILL,FILL,FILL
95,fill,in England,in Lancaster,so I made some nice memories.,city,country,NQ,NQ,NQ,NQ,NQ,"I've just returned from a short vacation in Lancaster. I was really shocked. According to locals,",I went to,the very first,pub,"in England,",FILL,FILL,FILL
96,fill,in Belgium,in Bruges,so I really enjoyed it.,city,country,1,What city did I go to?,Bruges,Brussels,f,"I got home yesterday from a well-earned break in Bruges. You won't believe it! According to my friends,",I drank at,the trendiest,bar,"in Belgium,",FILL,FILL,FILL
97,fill,in Austria,in Salzburg,so it was a lovely time.,city,country,NQ,NQ,NQ,NQ,NQ,"I'm just back from a week-long trip in Salzburg. I'm really pleased! Allegedly,",I visited,the most historical,monument,"in Austria,",FILL,FILL,FILL
98,fill,in The Netherlands,in Utrecht,so I made some nice memories.,city,country,NQ,NQ,NQ,NQ,NQ,"I've just returned from a lovely two-week stay in Utrecht. I was really shocked. Apparently,",I was staying near,the oldest,university,"in The Netherlands,",FILL,FILL,FILL
99,fill,in Scotland,in Dundee,so I really enjoyed it.,city,country,1,What city did I go to?,Aberdeen,Dundee,j,"I got home yesterday from a great holiday in Dundee. You won't believe it! According to locals,",I got to look around,the most well-established,museum,"in Scotland,",FILL,FILL,FILL
100,fill,in Finland,in Lapland,so I'm glad I went.,city,country,NQ,NQ,NQ,NQ,NQ,"I'm just back from a short vacation in Lapland. I'm really pleased! According to my friends,",I arrived during,the best,time for skiing,"in Finland,",FILL,FILL,FILL
101,fill,in China,in Beijing,so I made some nice memories.,city,country,1,What city did I go to?,Beijing,Chengdu,f,"I've just returned from a well-earned break in Beijing. I was really shocked. Allegedly,",I took a boat trip on,the deepest,lake,"in China,",FILL,FILL,FILL
102,fill,in Canada,in Ottawa,so I really enjoyed it.,city,country,NQ,NQ,NQ,NQ,NQ,"I got home yesterday from a week-long trip in Ottawa. You won't believe it! Apparently,",I got to taste,the most authentic,gelato,"in Canada,",FILL,FILL,FILL
103,fill,in Russia,in St. Petersburg,so it was a lovely time.,city,country,1,What city did I go to?,Omsk,St. Petersburg,j,"I'm just back from a lovely two-week stay in St. Petersburg. I'm really pleased! According to locals,",I bought,the most fashionable,jacket,"in Russia,",FILL,FILL,FILL
104,fill,in Australia,in Perth,so I made some nice memories.,city,country,1,What city did I go to?,Perth,Adelaide,f,"I've just returned from a great holiday in Perth. I was really shocked. According to my friends,",I got a room at,the fanciest,boutique hotel,"in Australia,",FILL,FILL,FILL
105,fill,in Sweden,in Gothenburg,so I really enjoyed it.,city,country,1,What city did I go to?,Lund,Gothenburg,j,"I got home yesterday from a short vacation in Gothenburg. You won't believe it! Allegedly,",I went down,the fastest,waterslide,"in Sweden,",FILL,FILL,FILL
106,fill,in Brazil,in Rio de Janeiro,so it was a lovely time.,city,country,NQ,NQ,NQ,NQ,NQ,"I'm just back from a well-earned break in Rio de Janeiro. I'm really pleased! Apparently,",I did,the most difficult,trek,"in Brazil,",FILL,FILL,FILL
107,fill,in India,in Delhi,so I made some nice memories.,city,country,NQ,NQ,NQ,NQ,NQ,"I've just returned from a week-long trip in Delhi. I was really shocked. According to locals,",I enjoyed,the cheapest,vegan food,"in India,",FILL,FILL,FILL
108,fill,in Switzerland,in Zürich,so I really enjoyed it.,city,country,NQ,NQ,NQ,NQ,NQ,"I got home yesterday from a lovely two-week stay in Zürich. You won't believe it! According to my friends,",I ordered,the most alcoholic,cocktail,"in Switzerland,",FILL,FILL,FILL
109,fill,in Greece,in Corfu,so I'm glad I went.,city,country,NQ,NQ,NQ,NQ,NQ,"I'm just back from a great holiday in Corfu. I'm really pleased! Allegedly,",I went on,the most scenic,boat trip,"in Greece,",FILL,FILL,FILL
110,fill,in Colombia,in Cartagena,so it was a lovely time.,city,country,1,What city did I go to?,Cartagena,Santa Marta,f,"I've just returned from a short vacation in Cartagena. I was really shocked. Apparently,",I got to see,the most romantic,sunsets,"in Colombia,",FILL,FILL,FILL
111,fill,in Thailand,in Phuket,so I made some nice memories.,city,country,NQ,NQ,NQ,NQ,NQ,"I got home yesterday from a well-earned break in Phuket. You won't believe it! According to locals,",I got to experience,the most vibrant,nightlife,"in Thailand,",FILL,FILL,FILL
112,fill,in Japan,in Kyoto,so I really enjoyed it.,city,country,NQ,NQ,NQ,NQ,NQ,"I'm just back from a week-long trip in Kyoto. I'm really pleased! According to my friends,",I ate,the best,sushi,"in Japan,",FILL,FILL,FILL
113,fill,in Spain,in Tenerife,so it was a lovely time.,city,country,NQ,NQ,NQ,NQ,NQ,"I've just returned from a lovely two-week stay in Tenerife. I was really shocked. Allegedly,",I got to explore,the most convoluted,caves,"in Spain,",FILL,FILL,FILL
114,fill,Morocco,in Rabat,so I made some nice memories.,city,country,1,What city did I go to?,Fes,Rabat,j,"I got home yesterday from a great holiday in Rabat. You won't believe it! Apparently,",I bought food from,the oldest,market,"Morocco,",FILL,FILL,FILL
115,fill,in Turkey,in Antalya,so I really enjoyed it.,city,country,NQ,NQ,NQ,NQ,NQ,"I'm just back from a short vacation in Antalya. I'm really pleased! According to locals,",I got to see,the biggest,Mosque minaret,"in Turkey,",FILL,FILL,FILL
116,fill,in Portugal,in Madeira,so I'm glad I went.,city,country,NQ,NQ,NQ,NQ,NQ,"I've just returned from a well-earned break in Madeira. I was really shocked. According to my friends,",I was lucky enough to try,the finest,wine,"in Portugal,",FILL,FILL,FILL
117,fill,in Ireland,in Galway,so I made some nice memories.,city,country,NQ,NQ,NQ,NQ,NQ,"I got home yesterday from a week-long trip in Galway. You won't believe it! Allegedly,",I went to a gig by,the most famous,band,"in Ireland,",FILL,FILL,FILL
118,fill,in Wales,in Bangor,so I really enjoyed it.,city,country,NQ,NQ,NQ,NQ,NQ,"I'm just back from a lovely two-week stay in Bangor. I'm really pleased! Apparently,",I walked along,the straightest,canal path,"in Wales,",FILL,FILL,FILL
119,fill,in Hungary,in Debrecen,so it was a lovely time.,city,country,NQ,NQ,NQ,NQ,NQ,"I've just returned from a great holiday in Debrecen. I was really shocked. According to locals,",I got to enjoy,the most remote,hot spring,"in Hungary,",FILL,FILL,FILL
120,fill,in South Africa,in Cape Town,so I made some nice memories.,city,country,NQ,NQ,NQ,NQ,NQ,"I got home yesterday from a short vacation in Cape Town. You won't believe it! According to my friends,",I took,the most indirect,train journey,"in South Africa,",FILL,FILL,FILL
